Date,Close,High,Low,Open,Volume,ticker
2025-06-02,241.8243408203125,241.8243408203125,219.84030983664772,219.84030983664772,27206468,AEGISVOPAK.NS
2025-06-03,255.1246795654297,264.70771495822305,235.88865227077818,248.81926214899886,14051020,AEGISVOPAK.NS
2025-06-04,266.2665710449219,268.30509876982524,250.26819801899646,258.30235516143443,5617178,AEGISVOPAK.NS
2025-06-05,259.9811706542969,266.0467416063205,253.86560244948998,265.8069255673528,2138915,AEGISVOPAK.NS
2025-06-06,256.8034362792969,258.8119869403428,251.88702487894912,257.8127128594921,1691722,AEGISVOPAK.NS
2025-06-09,257.8926696777344,261.8098379226572,252.81637020775673,256.9134004880748,2123712,AEGISVOPAK.NS
2025-06-10,253.99549865722656,265.3072894667648,248.3895852577113,263.8083782268396,1436592,AEGISVOPAK.NS
2025-06-11,251.54727172851562,254.9548001611474,239.73585947580307,254.31526532975516,1951880,AEGISVOPAK.NS
2025-06-12,240.7950897216797,251.39738891234418,238.31689413427458,247.81998567648228,1172229,AEGISVOPAK.NS
2025-06-13,235.52891540527344,239.35613725062038,229.83305576838234,232.83087823492644,1441586,AEGISVOPAK.NS
2025-06-16,234.85940551757812,237.8172637516655,227.46478280393023,234.6395639817068,967118,AEGISVOPAK.NS
2025-06-17,238.51673889160156,241.55452546600475,234.73948398930023,239.5260002498693,525867,AEGISVOPAK.NS
2025-06-18,246.48095703125,247.62012891320822,236.82796541440177,239.1762656853175,1088994,AEGISVOPAK.NS
2025-06-19,246.62086486816406,251.11759857231235,240.23550361818204,246.48096709616576,814675,AEGISVOPAK.NS
2025-06-20,244.9520721435547,246.56090410130108,240.84505486307862,240.84505486307862,2595060,AEGISVOPAK.NS
2025-06-23,245.481689453125,246.81072589208935,238.38683694381788,241.82434243291158,1576791,AEGISVOPAK.NS
2025-06-24,252.07688903808594,255.3145427404885,243.8228901318168,245.9113694247242,933748,AEGISVOPAK.NS
2025-06-25,249.8784942626953,252.84633974071411,249.02912037446444,251.807101322257,780274,AEGISVOPAK.NS
2025-06-26,252.03692626953125,263.308737414161,250.27820926212772,253.8156330292102,3713455,AEGISVOPAK.NS
2025-06-27,254.61505126953125,257.6228609104258,252.2767534657376,252.80636753460422,1307013,AEGISVOPAK.NS
2025-06-30,245.19189453125,252.90629222760947,243.79291681334587,251.8670538154112,3169116,AEGISVOPAK.NS
2025-07-01,243.8528594970703,251.6172235901,242.4838588475832,245.81144345888166,994302,AEGISVOPAK.NS
2025-07-02,243.26329040527344,247.7100571201373,241.21477544179086,243.85285846739535,902297,AEGISVOPAK.NS
2025-07-03,244.0926971435547,249.81853366581547,241.35468052540057,243.63302433261575,2148030,AEGISVOPAK.NS
2025-07-04,240.30543518066406,245.99130734115073,234.25982372845743,244.8221584549892,883907,AEGISVOPAK.NS
2025-07-07,249.56871032714844,252.5365556697748,237.98712698883517,240.32542475947628,1004720,AEGISVOPAK.NS
2025-07-08,249.86849975585938,251.81708126371453,242.17409198901075,249.56871446671707,541627,AEGISVOPAK.NS
2025-07-09,260.4208068847656,263.8083606997368,248.58942052418348,250.31816043668206,2802272,AEGISVOPAK.NS
2025-07-10,261.1103210449219,266.16664576261667,255.7442237829142,260.5507299651678,2077945,AEGISVOPAK.NS
2025-07-11,259.91119384765625,267.05599740794185,253.96550088399616,265.30726777103297,1478667,AEGISVOPAK.NS
2025-07-14,258.11248779296875,267.8054587596796,255.81416956148496,259.2017233977791,1679118,AEGISVOPAK.NS
2025-07-15,266.406494140625,269.2044495587945,256.9233617326386,256.9233617326386,2670473,AEGISVOPAK.NS
2025-07-16,278.7475280761719,282.09507198308006,263.0189326846138,270.80328662103744,3065911,AEGISVOPAK.NS
2025-07-17,293.15704345703125,296.58454636682825,281.0458460121492,287.7809438167129,4781113,AEGISVOPAK.NS
2025-07-18,290.8387145996094,301.7807781925079,285.5625485715574,291.78803719275595,1800958,AEGISVOPAK.NS
2025-07-21,291.8879699707031,294.68592524545505,280.1964508321087,290.7787598648879,725147,AEGISVOPAK.NS
2025-07-22,284.5033264160156,294.38616210928825,277.00877050944223,293.76661703361304,1289294,AEGISVOPAK.NS
2025-07-23,278.0679931640625,284.24353028603497,275.1001478636656,284.24353028603497,882774,AEGISVOPAK.NS
2025-07-24,268.7547912597656,278.5976171097777,266.80619449505804,278.5976171097777,536672,AEGISVOPAK.NS
2025-07-25,256.68353271484375,268.59489338288665,254.06543945693514,267.8054583066219,1028912,AEGISVOPAK.NS
2025-07-28,247.76002502441406,256.6835354988574,244.32251964982945,256.6835354988574,819705,AEGISVOPAK.NS
2025-07-29,241.69442749023438,247.50020771098318,238.7865513776849,243.8228862536016,720603,AEGISVOPAK.NS
2025-07-30,247.3703155517578,249.15900954718316,241.0848726941576,245.72150407782726,807897,AEGISVOPAK.NS
2025-07-31,239.58596801757812,245.58161300022965,236.94788483512,242.92355531284986,783052,AEGISVOPAK.NS
2025-08-01,228.7538299560547,240.92499667898917,227.24493152247877,239.2262184750708,744233,AEGISVOPAK.NS
2025-08-04,251.62721252441406,251.62721252441406,226.08576857795913,229.8330465101905,888106,AEGISVOPAK.NS
2025-08-05,246.35104370117188,258.55217197535694,243.82288143723397,254.1154077605614,658041,AEGISVOPAK.NS
2025-08-06,243.17337036132812,249.52875456157102,239.81580860935617,248.75930919715503,604106,AEGISVOPAK.NS
2025-08-07,240.605224609375,251.817081605434,234.9293548508215,244.37249236148264,1338049,AEGISVOPAK.NS
2025-08-08,246.6907958984375,249.80854150577906,234.57959850352978,241.8243358375046,1050486,AEGISVOPAK.NS
2025-08-11,240.48532104492188,248.81926381194293,237.53746534649176,248.81926381194293,396695,AEGISVOPAK.NS
2025-08-12,246.66082763671875,247.62013753014114,238.34687463381636,238.34687463381636,315361,AEGISVOPAK.NS
2025-08-13,245.1619110107422,249.81853210869951,241.23477100489575,246.43099342321406,390354,AEGISVOPAK.NS
2025-08-14,239.58596801757812,245.72151077324963,237.8272509785106,244.8321573773982,670615,AEGISVOPAK.NS
2025-08-18,244.2325897216797,247.76002612225324,240.80507158382088,241.82433544887408,403953,AEGISVOPAK.NS
2025-08-19,251.43734741210938,252.31671351074166,243.27327973932893,243.81289629902165,340757,AEGISVOPAK.NS
2025-08-20,252.96624755859375,254.54510256145443,246.32108049226912,250.91774772832997,388175,AEGISVOPAK.NS
2025-08-21,251.787109375,263.5086061598398,248.42954761336142,255.66429796519466,1089758,AEGISVOPAK.NS
2025-08-22,253.39593505859375,255.36450630941036,248.94916824115765,253.6157765864412,174548,AEGISVOPAK.NS
2025-08-25,258.6820983886719,260.55073619921325,248.41956368555725,252.12686230148685,386643,AEGISVOPAK.NS
2025-08-26,255.00477600097656,259.81128228358875,243.48314612567913,256.8134597957012,587387,AEGISVOPAK.NS
2025-08-28,247.69007873535156,252.58653122004952,245.33179113092774,250.06835609213954,226034,AEGISVOPAK.NS
2025-08-29,247.5901641845703,249.81854130363894,244.33252064743408,248.9192006540313,639286,AEGISVOPAK.NS
2025-09-01,242.69371032714844,250.60795984355374,239.4960360651231,246.92065100173127,335191,AEGISVOPAK.NS
2025-09-02,243.17337036132812,248.41955964580222,241.82434416052084,243.67300743603994,224375,AEGISVOPAK.NS
2025-09-03,243.8029022216797,247.81998856372564,241.1748215823724,242.82361782655374,457380,AEGISVOPAK.NS
2025-09-04,241.0149383544922,246.49095651066168,239.8757664160242,245.62159286616904,613870,AEGISVOPAK.NS
2025-09-05,236.8779296875,243.4631423813252,235.82868882749614,241.32469640610304,369422,AEGISVOPAK.NS
2025-09-08,245.82144165039062,249.71860474820164,234.81943871448294,234.82942596683657,336742,AEGISVOPAK.NS
2025-09-09,243.28329467773438,246.3210814273166,241.13484607649468,245.82144434531392,93735,AEGISVOPAK.NS
2025-09-10,249.6786346435547,254.6150512836459,240.74512148487474,246.7707432668302,713667,AEGISVOPAK.NS
2025-09-11,249.52874755859375,254.21533037978324,247.34033479313922,248.84923322724512,625510,AEGISVOPAK.NS
2025-09-12,246.91064453125,253.6257679973802,245.95134989192474,248.9191953188177,357798,AEGISVOPAK.NS
2025-09-15,251.00767517089844,254.31527015449166,244.48241621739987,246.82071405956557,513540,AEGISVOPAK.NS
2025-09-16,248.779296875,251.99694558141664,247.25039341123454,249.81853527274072,1111655,AEGISVOPAK.NS
2025-09-17,243.89285278320312,250.32816559806005,242.71370133963035,249.61868947959263,561669,AEGISVOPAK.NS
2025-09-18,239.4160919189453,244.8221687746031,229.83305640064782,244.81218152219736,1798058,AEGISVOPAK.NS
2025-09-19,242.29400634765625,245.17192080241094,238.5567155069797,239.41609189290153,692620,AEGISVOPAK.NS
2025-09-22,248.78927612304688,250.6179495721358,240.0756046732577,240.0756046732577,1053345,AEGISVOPAK.NS
2025-09-23,246.8606719970703,251.32742853511965,242.82361125960801,249.71859659135117,888183,AEGISVOPAK.NS
2025-09-24,238.8365020751953,245.82143366735917,238.12702598828932,245.82143366735917,653749,AEGISVOPAK.NS
2025-09-25,243.1433868408203,245.82143417060593,235.4989306539602,237.42753763947533,515973,AEGISVOPAK.NS
2025-09-26,243.33323669433594,246.07125328606625,233.2805414362733,243.12339766680117,773260,AEGISVOPAK.NS
2025-09-29,251.05763244628906,254.81489760413817,240.82506008861685,242.8236083051199,1729834,AEGISVOPAK.NS
2025-09-30,260.2909240722656,262.40938024858383,248.8192466230968,253.01619472141377,846492,AEGISVOPAK.NS
2025-10-01,261.1603088378906,263.50860922217294,257.56291574871636,261.7598794353242,438500,AEGISVOPAK.NS
2025-10-03,283.19427490234375,286.2920307230394,259.6613819573112,260.8105410775333,3179803,AEGISVOPAK.NS
2025-10-06,279.8467102050781,287.3912482457532,272.8018397289302,283.2442666713035,1132022,AEGISVOPAK.NS
2025-10-07,272.8517761230469,279.34705766154866,270.70334294401204,279.34705766154866,579806,AEGISVOPAK.NS
2025-10-08,264.00823974609375,269.80401755465266,261.31018737237656,269.80401755465266,561504,AEGISVOPAK.NS
2025-10-09,268.5049743652344,272.80184098105093,264.0082407226896,268.8047444099,699995,AEGISVOPAK.NS
2025-10-10,276.4991760253906,282.0950870010486,266.456452283741,268.8047526907194,970732,AEGISVOPAK.NS
2025-10-13,276.4491882324219,278.4977185426171,268.40504350173444,275.7996661322827,401220,AEGISVOPAK.NS
2025-10-14,276.7489929199219,283.99373063515094,273.80112192727836,274.80039609489614,564382,AEGISVOPAK.NS
2025-10-15,281.0957946777344,285.54257666117934,273.80110587983603,278.1479543532908,1370362,AEGISVOPAK.NS
2025-10-16,288.8401794433594,292.28768744212954,280.24644619182965,281.2956718460153,2506811,AEGISVOPAK.NS
2025-10-17,279.4469909667969,288.7902097337381,273.201527953524,288.7902097337381,978792,AEGISVOPAK.NS
2025-10-20,283.34417724609375,285.74245963808454,276.84889517454474,279.74681464896236,427337,AEGISVOPAK.NS
2025-10-21,283.9437255859375,286.7417113254521,283.09433651330943,285.7424372389308,37898,AEGISVOPAK.NS
2025-10-23,288.9900817871094,291.7880370676703,281.54547754731544,288.79021476902983,1038377,AEGISVOPAK.NS
2025-10-24,280.04656982421875,289.78949241399977,277.89813658299323,289.78949241399977,478880,AEGISVOPAK.NS
2025-10-27,282.9444580078125,284.79312120948555,272.00242480596665,281.79529888096465,701701,AEGISVOPAK.NS
2025-10-28,279.69683837890625,283.2942315452329,274.3007638771303,281.0958161393033,670153,AEGISVOPAK.NS
2025-10-29,275.4998779296875,281.7952924783748,273.80109978395285,279.79674430476933,231523,AEGISVOPAK.NS
2025-10-30,274.10089111328125,277.2985806377251,272.4021433309552,275.4998993398675,222649,AEGISVOPAK.NS
2025-10-31,278.7475280761719,279.7967537043929,273.0516533918763,274.1008790200974,285445,AEGISVOPAK.NS
2025-11-03,276.848876953125,280.4962518111229,270.7533293450513,280.4962518111229,474767,AEGISVOPAK.NS
2025-11-04,274.10089111328125,278.49772183324836,268.0053431064155,278.49772183324836,373228,AEGISVOPAK.NS
2025-11-06,258.0625305175781,277.74824204274233,253.81561568815042,277.74824204274233,1221015,AEGISVOPAK.NS
2025-11-07,259.9611511230469,262.8090884083056,251.6172215332359,259.461514072841,587604,AEGISVOPAK.NS
2025-11-10,263.85833740234375,265.50716421050544,253.51585869501562,262.309474607594,434040,AEGISVOPAK.NS
2025-11-11,271.6526794433594,274.8003868665638,256.86340396201206,263.80837139190123,688983,AEGISVOPAK.NS
2025-11-12,270.45355224609375,274.25081244880664,268.00534878851704,270.3036672173324,215944,AEGISVOPAK.NS
2025-11-13,272.4021301269531,273.80110779030014,266.60632195676425,270.8032854422312,226528,AEGISVOPAK.NS
2025-11-14,270.6534118652344,272.60197817659537,266.6563152321733,270.8032968898887,271751,AEGISVOPAK.NS
2025-11-17,266.5563659667969,270.20371032986293,265.5071403607866,268.305095640431,221031,AEGISVOPAK.NS
2025-11-18,262.1095886230469,266.8061891699009,260.81054446945365,266.8061891699009,140522,AEGISVOPAK.NS
2025-11-19,261.1103210449219,265.8069217093862,259.1617547657369,262.2095286999483,325899,AEGISVOPAK.NS
2025-11-20,259.2117004394531,261.51004921102884,258.3123598311957,259.6613859912948,110270,AEGISVOPAK.NS
2025-11-21,260.6606750488281,268.0053463454625,253.31600375219375,261.75988274210465,976702,AEGISVOPAK.NS
2025-11-24,258.2124328613281,260.9104852498747,255.61432923403868,258.4122998884156,148150,AEGISVOPAK.NS
2025-11-25,254.7649383544922,259.01186868738745,253.81563097322945,258.2124310799796,94031,AEGISVOPAK.NS
2025-11-26,261.5100402832031,263.3087214383119,254.61503994700695,254.9148252220959,148658,AEGISVOPAK.NS
2025-11-27,264.4578857421875,266.2565974281233,258.9119266585929,261.809815463493,400786,AEGISVOPAK.NS
2025-11-28,260.3608703613281,263.20880781828953,257.86268495968255,261.9097636076047,380807,AEGISVOPAK.NS
2025-12-01,272.75189208984375,284.19356283731975,270.80329529453513,278.34780294682093,5596657,AEGISVOPAK.NS
2025-12-02,275.4499206542969,277.2985839799152,269.3043905678816,272.5520316415203,386520,AEGISVOPAK.NS
2025-12-03,269.4043273925781,276.5491317432272,266.5064383442189,274.10089778255946,418530,AEGISVOPAK.NS
2025-12-04,263.6584777832031,274.8003779159843,262.05963312169774,269.404303866901,465665,AEGISVOPAK.NS
2025-12-05,259.41156005859375,264.7077005414152,258.51221947600095,264.30799700419897,186394,AEGISVOPAK.NS
2025-12-08,242.62376403808594,261.1103203648704,239.22622281630703,260.1610282299224,1081510,AEGISVOPAK.NS
2025-12-09,239.47604370117188,243.87285910526055,235.17917705877886,242.62376641905016,891972,AEGISVOPAK.NS
2025-12-10,242.4239044189453,244.82215617628088,238.67662651828795,239.72585213230175,734038,AEGISVOPAK.NS
2025-12-11,246.5209197998047,247.32034213706302,240.67517540701093,242.02418630640355,262309,AEGISVOPAK.NS
2025-12-12,249.61868286132812,255.86413097960227,244.67227892500875,248.71932698799796,727705,AEGISVOPAK.NS
2025-12-15,249.26893615722656,250.01839177721084,244.27256535733142,246.87068427236233,325539,AEGISVOPAK.NS
2025-12-16,254.51512145996094,259.11177337432355,243.32325409526553,249.81853603210013,530412,AEGISVOPAK.NS
2025-12-17,258.9618835449219,261.5600023705146,249.8185313949519,252.36668346472302,478171,AEGISVOPAK.NS
2025-12-18,260.4607849121094,263.95824421976016,251.21749959903227,256.0140335182084,431794,AEGISVOPAK.NS
2025-12-19,260.96044921875,265.70700163215116,256.3138303236639,257.46298954571756,623051,AEGISVOPAK.NS
2025-12-22,255.81417846679688,263.8083715438843,254.8648710884354,263.6584865227742,293871,AEGISVOPAK.NS
2025-12-23,248.56944274902344,256.9633394402569,246.82071300104036,256.41375086049004,732455,AEGISVOPAK.NS
2025-12-24,247.02056884765625,250.01839132213684,245.82144290740675,248.619413599798,262598,AEGISVOPAK.NS
2025-12-26,247.8199920654297,250.61796276732403,240.72513941930976,247.02056968664363,576207,AEGISVOPAK.NS
2025-12-29,247.32034301757812,248.16973211288527,240.82506128176294,245.92136535818003,637554,AEGISVOPAK.NS
2025-12-30,249.3188934326172,254.16537902327832,239.92572278514288,247.420278699951,793399,AEGISVOPAK.NS
2025-12-31,249.16900634765625,254.71496548046474,247.32034313824482,251.31743959300434,541541,AEGISVOPAK.NS
2026-01-01,252.03692626953125,256.21388488000713,246.5708954722741,249.81853644607304,234577,AEGISVOPAK.NS
2026-01-02,248.639404296875,252.5965214395024,247.81000491272562,251.5672702725045,260364,AEGISVOPAK.NS
2026-01-05,243.39320373535156,251.12757563409374,241.67445103613932,249.81852898186284,350290,AEGISVOPAK.NS
2026-01-06,239.4160919189453,243.88284862620105,238.37685350334505,243.39321404718856,360760,AEGISVOPAK.NS
2026-01-07,237.4275360107422,240.86502616098022,236.32832838428823,239.526002505273,238513,AEGISVOPAK.NS
2026-01-08,235.9286346435547,243.20334928906473,235.20915603046348,237.12776058280215,485822,AEGISVOPAK.NS
2026-01-09,228.80380249023438,240.68517147942293,225.44624074887366,236.07851705523032,1580425,AEGISVOPAK.NS
2026-01-12,226.43553161621094,231.36194592484335,224.05725422709807,226.83523518264553,942961,AEGISVOPAK.NS
2026-01-13,230.21278381347656,231.54182026418707,226.43552874207344,226.43552874207344,191890,AEGISVOPAK.NS
2026-01-14,225.90591430664062,232.63102506372167,225.28635396547728,231.82161544222402,246243,AEGISVOPAK.NS
2026-01-15,225.90591430664062,225.90591430664062,225.90591430664062,225.90591430664062,0,AEGISVOPAK.NS
2026-01-16,217.4620361328125,225.93589192222422,213.46493952382286,225.8359584079141,781354,AEGISVOPAK.NS
2026-01-19,214.75401306152344,217.84176655182046,208.3586492985299,217.47203999244581,883100,AEGISVOPAK.NS
2026-01-20,203.8519287109375,214.65407994466233,200.15461736719362,214.65407994466233,593100,AEGISVOPAK.NS
2026-01-21,199.7848663330078,206.42006108909703,197.85627461150494,206.39006883777517,437654,AEGISVOPAK.NS
2026-01-22,205.2609100341797,206.35011521533235,200.15461843758666,200.49436799447054,441521,AEGISVOPAK.NS
2026-01-23,201.07394409179688,206.88971166996797,199.69494089644007,206.8497474132781,304743,AEGISVOPAK.NS
2026-01-27,220.2100372314453,221.1793343665294,200.85410202955677,201.07394356005295,8802716,AEGISVOPAK.NS
2026-01-28,212.4756622314453,224.83667828735292,211.84611465297255,224.83667828735292,2128478,AEGISVOPAK.NS
2026-01-29,219.3506622314453,221.51908529786908,208.99818147217846,213.82467742559137,1390318,AEGISVOPAK.NS
2026-01-30,226.64537048339844,233.83015415541482,211.1166566984816,216.89246014113584,8529614,AEGISVOPAK.NS
2026-02-02,232.3212432861328,237.72730463211136,218.4113495068703,234.82941581265732,2381135,AEGISVOPAK.NS
2026-02-03,223.3877410888672,239.82579793978024,218.89100737749632,236.1184841043005,2233629,AEGISVOPAK.NS
2026-02-04,228.49403381347656,230.82234444342473,219.89028265853977,223.38774222968948,710369,AEGISVOPAK.NS
2026-02-05,228.72386169433594,233.83015325786712,222.728216739006,227.434804737934,1294436,AEGISVOPAK.NS
2026-02-06,217.6519012451172,225.12646765461486,214.84394330940518,224.83668485867983,830016,AEGISVOPAK.NS
2026-02-09,218.70114135742188,220.7296666646881,214.1244639148679,218.33141480071936,508477,AEGISVOPAK.NS
2026-02-10,220.24002075195312,222.5783338957121,218.84104301441678,218.84104301441678,257651,AEGISVOPAK.NS
2026-02-11,218.9609375,221.96876232134014,217.2022205604275,221.96876232134014,211207,AEGISVOPAK.NS
2026-02-12,212.85537719726562,218.79106797621463,211.52634077304697,217.392090291623,332567,AEGISVOPAK.NS
2026-02-13,214.094482421875,216.98238404860226,204.3515596512179,211.84611562864643,674274,AEGISVOPAK.NS
2026-02-16,206.789794921875,213.94460149121724,205.61064349674118,211.21657208493025,600543,AEGISVOPAK.NS
2026-02-17,219.41062927246094,222.48838019211942,206.25017548862928,207.8390329524944,2066229,AEGISVOPAK.NS
2026-02-18,220.7296600341797,222.24856096784742,216.04306196585813,218.34139549428798,272036,AEGISVOPAK.NS
2026-02-19,214.66407775878906,221.82887150235265,212.34575443848766,221.82887150235265,542436,AEGISVOPAK.NS
2026-02-20,210.6269989013672,216.4827458852682,208.2087573479764,214.65407240632655,735804,AEGISVOPAK.NS
2026-02-23,228.86375427246094,231.6817146564125,213.24509463903686,214.08449650199447,5491670,AEGISVOPAK.NS
2026-02-24,227.6346435546875,230.6224633620442,221.83885071177428,225.03652478960865,991076,AEGISVOPAK.NS
2026-02-25,235.5189208984375,239.8357771884821,224.35703075487257,224.83667806538574,1438355,AEGISVOPAK.NS
2026-02-26,234.20986938476562,237.16771219401247,229.8530336812315,234.82941445000392,497775,AEGISVOPAK.NS
2026-02-27,227.9044647216797,232.6709914809119,227.334871132248,229.843043781717,436751,AEGISVOPAK.NS
2026-03-02,216.37283325195312,223.7075019474771,213.05525096025772,219.90026982683122,554672,AEGISVOPAK.NS
2026-03-04,198.91551208496094,215.9931038400848,197.85628391374377,214.84394465381266,1142181,AEGISVOPAK.NS
2026-03-05,188.6629638671875,203.84194074972436,184.06629664648574,198.8555572177506,3496317,AEGISVOPAK.NS
2026-03-06,199.47509765625,201.8533749733227,184.66586292612698,184.9156814595098,2414363,AEGISVOPAK.NS
2026-03-09,192.2403564453125,199.9047869708815,189.51232717100706,198.5057940807399,923725,AEGISVOPAK.NS
2026-03-10,193.95912170410156,196.70712566038077,188.962750874503,196.70712566038077,765034,AEGISVOPAK.NS
2026-03-11,193.1297149658203,198.945482461304,191.15114121425327,194.54868239769237,529991,AEGISVOPAK.NS
2026-03-12,193.32957458496094,197.85628534810814,188.86281783228503,191.3709905058543,522560,AEGISVOPAK.NS
2026-03-13,192.6700439453125,195.40806057029528,191.5608490431614,193.32956853528628,339721,AEGISVOPAK.NS
2026-03-16,188.81285095214844,193.59938275452572,182.8771599559117,192.11045875535925,661632,AEGISVOPAK.NS
2026-03-17,191.68077087402344,194.45875173471538,189.1126290418448,189.45237858648468,378930,AEGISVOPAK.NS
2026-03-18,189.14260864257812,194.0490483461141,187.9135057155582,191.86063553243807,444167,AEGISVOPAK.NS
2026-03-19,176.11207580566406,186.6244285343548,171.54538577372082,185.4253026439304,809721,AEGISVOPAK.NS
2026-03-20,178.410400390625,181.44820235145076,175.3926034299127,178.8700732095429,352156,AEGISVOPAK.NS
2026-03-23,175.2127227783203,181.0784723060542,168.05791632832253,176.37188443177067,3114072,AEGISVOPAK.NS
2026-03-24,177.54103088378906,179.76940789968376,170.17638550640947,177.57100788754045,996503,AEGISVOPAK.NS
2026-03-25,175.1827392578125,179.35971290617886,173.77375912358306,178.27049255372688,1326079,AEGISVOPAK.NS
2026-03-27,171.76522827148438,175.1827439400098,166.07935607598824,173.78376626788116,1359250,AEGISVOPAK.NS
2026-03-30,161.53265380859375,170.99578085164444,157.88530940558778,170.8758728376931,955701,AEGISVOPAK.NS
2026-04-01,167.74813842773438,171.0157690068211,162.96162219373315,165.87950073844289,597473,AEGISVOPAK.NS
2026-04-02,169.51686096191406,170.8758743738603,160.7932021711345,164.63041112920166,676606,AEGISVOPAK.NS
2026-04-06,169.9965057373047,175.8622550977508,163.13149752031217,169.27702716242104,1629025,AEGISVOPAK.NS
2026-04-07,174.4033203125,175.02286542091298,166.50906043951593,167.37842409134885,625278,AEGISVOPAK.NS
2026-04-08,190.41168212890625,191.8406367679338,180.68874943976562,186.7243582733559,1583696,AEGISVOPAK.NS
2026-04-09,187.1840362548828,194.25888363588496,184.66586119266242,190.36172065078097,699506,AEGISVOPAK.NS
2026-04-10,189.8520965576172,196.85700268689286,188.50307038935782,188.86280968437944,1014095,AEGISVOPAK.NS
2026-04-13,187.9834442138672,189.30249338266816,182.09772020566723,186.08482946840132,556708,AEGISVOPAK.NS
2026-04-15,195.95765686035156,197.40660125396982,188.86280466027213,191.96056046542515,1182541,AEGISVOPAK.NS
2026-04-16,197.61643981933594,201.13388890810268,193.1396961367227,196.8569969952314,725461,AEGISVOPAK.NS
2026-04-17,200.61427307128906,205.87046486423517,197.34665757577983,197.6164506182038,1065347,AEGISVOPAK.NS
2026-04-20,197.02688598632812,203.10247476093184,194.97837089122615,203.10247476093184,596464,AEGISVOPAK.NS
2026-04-21,198.13607788085938,199.0054415148934,195.9376777933157,198.7556229765881,220535,AEGISVOPAK.NS
2026-04-22,194.85845947265625,197.94621294023327,192.3602740948017,196.357370699369,546117,AEGISVOPAK.NS
2026-04-23,192.9798126220703,197.2567046235961,191.96056400094474,195.35808990012256,219326,AEGISVOPAK.NS
2026-04-24,188.00343322753906,194.85845433348717,184.3660760232225,194.85845433348717,420955,AEGISVOPAK.NS
2026-04-27,198.15606689453125,198.85555574963553,188.01342512852227,188.01342512852227,424162,AEGISVOPAK.NS
2026-04-28,198.9355010986328,202.43296064977395,195.30813102775238,197.16678157055307,1062446,AEGISVOPAK.NS
2026-04-29,194.4387664794922,199.85483055788526,193.39951282187164,198.65570462408067,653124,AEGISVOPAK.NS
2026-04-30,189.48236083984375,196.7970549906411,186.77433641211047,193.35954944967932,623562,AEGISVOPAK.NS
2026-05-01,189.48236083984375,189.48236083984375,189.48236083984375,189.48236083984375,0,AEGISVOPAK.NS
2026-05-04,193.79922485351562,194.4487469310264,188.24326319795952,189.48235334554477,360793,AEGISVOPAK.NS
2026-05-05,194.76852416992188,197.85627756951004,192.56012163553103,194.80848842609365,379078,AEGISVOPAK.NS
2026-05-06,200.9140625,206.43006019652975,194.8584634598064,197.85628597457261,1838389,AEGISVOPAK.NS
2026-05-07,215.96311950683594,220.8395821271933,201.05395135765778,204.75126257902292,6087744,AEGISVOPAK.NS
2026-05-08,211.086669921875,216.29287953168043,207.90897030164226,215.8432092286633,1180713,AEGISVOPAK.NS
2026-05-11,212.22584533691406,214.35428887267278,204.16169576123988,210.74690864108564,2135182,AEGISVOPAK.NS
2026-05-12,202.52288818359375,210.84684360196567,195.96765226290137,210.84684360196567,1712250,AEGISVOPAK.NS
2026-05-13,197.036865234375,203.00253299817757,196.35736614625716,200.6642351981771,568765,AEGISVOPAK.NS
2026-05-14,200.0247039794922,200.96402411638698,190.38171456946554,197.27670007793176,890960,AEGISVOPAK.NS
2026-05-15,197.57647705078125,203.20239513523003,194.47872122948297,201.8533689958263,510770,AEGISVOPAK.NS
2026-05-18,197.14678955078125,198.71565727886735,190.8613618815807,195.55794731812927,283648,AEGISVOPAK.NS
2026-05-19,198.9554901123047,200.8541049053595,194.85845998281144,198.34593226860378,225953,AEGISVOPAK.NS
2026-05-20,199.5050811767578,201.3637317357426,194.95839591885522,198.35592198474777,210061,AEGISVOPAK.NS
2026-05-21,204.9011688232422,207.8590117875226,200.9740134597048,202.5528684565723,402568,AEGISVOPAK.NS
2026-05-22,207.21946716308594,208.9482223505016,202.7727004263119,205.10101093067064,391874,AEGISVOPAK.NS
2026-05-25,207.72911071777344,213.5448782169985,205.21093564452192,209.86755674291592,633853,AEGISVOPAK.NS
2026-05-26,208.1787872314453,211.36647423610367,205.85047661284622,205.85047661284622,231447,AEGISVOPAK.NS
2026-05-27,205.6106414794922,209.83758206844777,203.97183250042025,209.74763580761964,398179,AEGISVOPAK.NS
2026-05-28,205.6106414794922,205.6106414794922,205.6106414794922,205.6106414794922,0,AEGISVOPAK.NS
2026-05-29,196.0176239013672,208.7683567599005,192.86990113241862,207.3793662802074,777726,AEGISVOPAK.NS
2026-06-01,192.74000549316406,200.0147201820423,191.36100226856607,199.85483265646587,445522,AEGISVOPAK.NS
2026-06-02,195.26815795898438,196.34737583007677,189.35245704343978,190.86135546395198,345079,AEGISVOPAK.NS
2026-06-03,192.8599090576172,197.8562797585917,188.61299396178882,197.8562797585917,374145,AEGISVOPAK.NS
2026-06-04,191.4009552001953,195.3580873616291,190.3617168408713,190.3617168408713,166721,AEGISVOPAK.NS
2026-06-05,190.0519561767578,193.85918831169874,187.07412342978333,193.85918831169874,325372,AEGISVOPAK.NS
2026-06-08,184.12625122070312,187.77361105309913,182.36753418839197,186.8742551605282,583472,AEGISVOPAK.NS
2026-06-09,191.53086853027344,194.5486806385604,184.186212905353,184.86571198726884,376371,AEGISVOPAK.NS
2026-06-10,197.70639038085938,202.89261024613103,194.53867800824358,196.3373744705089,1883109,AEGISVOPAK.NS
2026-06-11,198.99545288085938,210.2472742788275,193.26961629201836,197.5564956705779,1403062,AEGISVOPAK.NS
2026-06-12,217.69187927246094,218.89100520069218,202.3630022516553,204.85120036971307,4204329,AEGISVOPAK.NS
2026-06-15,231.52182006835938,233.83014081368088,219.60047205447515,224.96658437236204,2332046,AEGISVOPAK.NS
2026-06-16,236.62811279296875,241.34468782186082,232.3412183133741,233.82015497762382,3002236,AEGISVOPAK.NS
2026-06-17,237.9071807861328,240.8250593434734,227.18497390712943,237.8272370279945,1145690,AEGISVOPAK.NS
2026-06-18,242.92355346679688,245.97132744497944,233.14065093906083,238.3168989968918,1377512,AEGISVOPAK.NS
2026-06-19,238.177001953125,246.2211467368086,236.63811120918106,243.82289485372627,634061,AEGISVOPAK.NS
2026-06-22,246.11122131347656,247.81998680243885,236.82797125878227,239.72586016666096,1060153,AEGISVOPAK.NS
2026-06-23,232.59104919433594,249.2489476978899,230.1328432867528,248.93917514632332,1169103,AEGISVOPAK.NS
2026-06-24,231.48184204101562,235.69878001520877,229.0536132667581,233.61030077972003,487282,AEGISVOPAK.NS
2026-06-25,233.02073669433594,235.71877379440392,229.463323233002,231.11211944756766,441797,AEGISVOPAK.NS
2026-06-26,233.02073669433594,233.02073669433594,233.02073669433594,233.02073669433594,0,AEGISVOPAK.NS
2026-06-29,232.60104370117188,235.27909105287682,226.87519195319908,232.3312354164898,423325,AEGISVOPAK.NS
2026-06-30,234.5196533203125,235.46896071576808,232.79091330562278,233.8301517153638,241961,AEGISVOPAK.NS
2026-07-01,235.3290557861328,243.62303405021854,233.88011135843595,235.31906853408717,673015,AEGISVOPAK.NS
2026-07-02,234.5596160888672,236.82797267030114,230.24275970571318,236.0285503037279,961446,AEGISVOPAK.NS
2026-07-03,257.2431335449219,258.0125941468146,236.45824371159833,236.827970262698,7292235,AEGISVOPAK.NS
2026-07-06,279.76678466796875,282.964474142398,256.3637706843642,259.80127619597624,11087829,AEGISVOPAK.NS
2026-07-07,294.10638427734375,299.28261721613586,267.5556619686824,274.800399781093,11503811,AEGISVOPAK.NS
2026-07-08,276.4092102050781,293.93648747502283,269.60415562876915,288.1906610665539,4611866,AEGISVOPAK.NS
2026-07-09,275.3299865722656,283.93375227523853,271.0131152194588,281.2256975565229,2398554,AEGISVOPAK.NS
2026-07-10,283.17999267578125,291.0,275.7099914550781,279.8999938964844,1701034,AEGISVOPAK.NS
2026-07-13,303.29998779296875,311.489990234375,272.1499938964844,280.9200134277344,5506049,AEGISVOPAK.NS
2026-07-14,280.6400146484375,304.70001220703125,277.25,302.8299865722656,3344209,AEGISVOPAK.NS
2026-07-15,281.95001220703125,289.8999938964844,279.1400146484375,282.0,1967293,AEGISVOPAK.NS
2026-07-16,269.260009765625,283.45001220703125,265.5,283.45001220703125,2127669,AEGISVOPAK.NS
2026-07-17,271.239990234375,274.5400085449219,262.3999938964844,269.760009765625,1932179,AEGISVOPAK.NS
2026-07-20,281.0199890136719,282.5,270.5199890136719,272.79998779296875,2212225,AEGISVOPAK.NS
2026-07-21,288.45001220703125,291.0,276.0299987792969,281.5,3392928,AEGISVOPAK.NS
2026-07-22,295.6600036621094,301.8999938964844,282.3299865722656,288.3800048828125,4359357,AEGISVOPAK.NS
2026-07-23,294.82000732421875,301.7099914550781,290.9100036621094,296.0,1817501,AEGISVOPAK.NS
2026-07-24,292.6400146484375,296.0,282.25,290.0,1300277,AEGISVOPAK.NS
2026-07-27,303.489990234375,305.07000732421875,292.70001220703125,294.739990234375,3083157,AEGISVOPAK.NS
2026-07-28,292.4599914550781,300.0,290.1000061035156,300.0,1104713,AEGISVOPAK.NS
2026-07-29,295.4100036621094,298.5799865722656,285.5299987792969,292.5,1625268,AEGISVOPAK.NS
2026-07-30,292.29998779296875,298.0,290.5,297.70001220703125,658184,AEGISVOPAK.NS
2026-07-31,290.1600036621094,295.4700012207031,288.0,294.79998779296875,843953,AEGISVOPAK.NS
2026-08-03,301.79998779296875,306.3999938964844,292.6000061035156,293.0,2083398,AEGISVOPAK.NS
2026-08-04,296.1499938964844,306.54998779296875,293.5,304.0,1038734,AEGISVOPAK.NS
2026-08-05,283.8500061035156,299.45001220703125,280.6000061035156,298.1499938964844,1344142,AEGISVOPAK.NS
2026-08-06,288.70001220703125,299.95001220703125,277.95001220703125,280.95001220703125,3393107,AEGISVOPAK.NS
2026-08-07,285.29998779296875,294.95001220703125,282.20001220703125,287.04998779296875,813122,AEGISVOPAK.NS
2026-08-10,276.54998779296875,290.0,272.3999938964844,290.0,933657,AEGISVOPAK.NS
2026-08-11,280.54998779296875,283.95001220703125,271.3999938964844,276.45001220703125,1235949,AEGISVOPAK.NS
2026-08-12,273.54998779296875,280.25,272.79998779296875,280.20001220703125,442476,AEGISVOPAK.NS
2026-08-13,271.5,278.8999938964844,268.04998779296875,276.45001220703125,401975,AEGISVOPAK.NS
2026-08-14,269.1000061035156,274.70001220703125,267.79998779296875,273.0,403221,AEGISVOPAK.NS
2026-08-17,269.5,272.25,262.95001220703125,269.1000061035156,667513,AEGISVOPAK.NS
2026-08-18,274.79998779296875,280.0,267.1000061035156,267.1000061035156,883444,AEGISVOPAK.NS
2026-08-19,270.1499938964844,277.79998779296875,268.1000061035156,277.79998779296875,357042,AEGISVOPAK.NS
2026-08-20,266.6000061035156,274.5,265.04998779296875,273.8999938964844,376144,AEGISVOPAK.NS
2026-08-21,276.29998779296875,277.8500061035156,266.75,268.70001220703125,850492,AEGISVOPAK.NS
2026-08-24,270.29998779296875,282.79998779296875,269.04998779296875,278.8999938964844,701538,AEGISVOPAK.NS
2026-08-25,267.70001220703125,273.04998779296875,266.1000061035156,273.0,352115,AEGISVOPAK.NS
2026-08-26,264.1499938964844,269.79998779296875,263.1000061035156,268.45001220703125,282319,AEGISVOPAK.NS
2026-08-27,263.5,267.20001220703125,258.29998779296875,264.1499938964844,852910,AEGISVOPAK.NS
2026-08-28,269.8999938964844,272.45001220703125,262.0,267.0,588121,AEGISVOPAK.NS
2026-08-31,268.75,272.70001220703125,261.6499938964844,265.95001220703125,721408,AEGISVOPAK.NS
2026-09-01,270.1000061035156,272.0,260.70001220703125,267.8999938964844,711022,AEGISVOPAK.NS
2026-09-02,,,,,3126551,AEGISVOPAK.NS
